Workbook

Sheet Farmers
A1: Farmer id | B1: Day | C1: Date | D1: Arrival time | E1: Estimated load(Kg) | F1: Preferred dock
A2: F001 | B2: Day 01 | C2: 20-10-2025 | D2: 5.45 a.m. | E2: 780 | F2: D05
A3: F002 | C3: 20-10-2025 | D3: 5.50 a.m. | E3: 820 | F3: D01
A4: F003 | C4: 20-10-2025 | D4: 6.10 a.m. | E4: 550 | F4: D09
A5: F004 | C5: 20-10-2025 | D5: 6.25 a.m. | E5: 910 | F5: D21
A6: F005 | C6: 20-10-2025 | D6: 6.30 a.m. | E6: 630 | F6: D03
A7: F006 | B7: Day 02 | C7: 23-10-2025 | D7: 6.10 a.m. | E7: 1200 | F7: D16
A8: F007 | C8: 23-10-2025 | D8: 6.15 a.m. | E8: 1000 | F8: D02
A9: F008 | C9: 23-10-2025 | D9: 6.25 a.m. | E9: 950 | F9: D05
A10: F009 | C10: 23-10-2025 | D10: 6.27 a.m. | E10: 960 | F10: D15
A11: F010 | C11: 23-10-2025 | D11: 6.30 a.m. | E11: 850 | F11: D26
A12: F011 | B12: Day 03 | C12: 26-10-2025 | D12: 5.20 a.m. | E12: 770 | F12: D30
A13: F012 | C13: 26-10-2025 | D13: 5.30 a.m. | E13: 900 | F13: D18
A14: F013 | C14: 26-10-2025 | D14: 5.37 a.m. | E14: 1100 | F14: D11
A15: F014 | C15: 26-10-2025 | D15: 5.40 a.m. | E15: 1400 | F15: D10
A16: F015 | C16: 26-10-2025 | D16: 5.45 a.m. | E16: 950 | F16: D08
A17: F016 | B17: Day 04 | C17: 28-10-2025 | D17: 6.40 a.m. | E17: 1350 | F17: D06
A18: F017 | C18: 28-10-2025 | D18: 6.45 a.m. | E18: 1080 | F18: D16
A19: F018 | C19: 28-10-2025 | D19: 6.55 a.m. | E19: 870 | F19: D03
A20: F019 | C20: 28-10-2025 | D20: 7.00 a.m. | E20: 700 | F20: D08
A21: F020 | C21: 28-10-2025 | D21: 7.05 a.m. | E21: 1200 | F21: D18

Sheet Docks
A1: Dock id | B1: Total workers | E1: Status
B2: Accountants | C2: Labours | D2: Total | E2: Day 01 | F2: Day 02 | G2: Day 03 | H2: Day 04
A3: D01 | B3: 1 | C3: 2 | D3: =B3+C3 | E3: Active | F3: Active | G3: Active | H3: Active
A4: D02 | B4: 1 | C4: 2 | D4: =B4+C4 | E4: Active | F4: Active | G4: Active | H4: Active
A5: D03 | B5: 1 | C5: 2 | D5: =B5+C5 | E5: Active | F5: Active | G5: Active | H5: Active
A6: D04 | B6: 1 | C6: 2 | D6: =B6+C6 | E6: Active | F6: No | G6: Active | H6: Active | K6: Total Active docks
A7: D05 | B7: 1 | C7: 2 | D7: =B7+C7 | E7: Active | F7: Active | G7: Active | H7: Active | K7: Day 01 | L7: =25
A8: D06 | B8: 1 | C8: 2 | D8: =B8+C8 | E8: Active | F8: Active | G8: Active | H8: Active | K8: Day 02 | L8: 26
A9: D07 | B9: 1 | C9: 2 | D9: =B9+C9 | E9: Active | F9: Active | G9: Active | H9: No | K9: Day 03 | L9: 27
A10: D08 | B10: 1 | C10: 2 | D10: =B10+C10 | E10: Active | F10: No | G10: Active | H10: Active | K10: Day 04 | L10: 27
A11: D09 | B11: 1 | C11: 1 | D11: =B11+C11 | E11: Active | F11: Active | G11: Active | H11: Active
A12: D10 | B12: 1 | C12: 2 | D12: =B12+C12 | E12: No | F12: Active | G12: Active | H12: Active
A13: D11 | B13: 1 | C13: 2 | D13: =B13+C13 | E13: Active | F13: Active | G13: Active | H13: Active
A14: D12 | B14: 1 | C14: 2 | D14: =B14+C14 | E14: Active | F14: Active | G14: No | H14: Active
A15: D13 | B15: 1 | C15: 2 | D15: =B15+C15 | E15: Active | F15: Active | G15: Active | H15: No
A16: D14 | B16: 2 | C16: 3 | D16: =B16+C16 | E16: No | F16: Active | G16: Active | H16: Active
A17: D15 | B17: 1 | C17: 2 | D17: =B17+C17 | E17: Active | F17: Active | G17: Active | H17: Active
A18: D16 | B18: 2 | C18: 2 | D18: =B18+C18 | E18: Active | F18: Active | G18: Active | H18: Active
A19: D17 | B19: 1 | C19: 2 | D19: =B19+C19 | E19: Active | F19: Active | G19: No | H19: Active
A20: D18 | B20: 1 | C20: 2 | D20: =B20+C20 | E20: No | F20: Active | G20: Active | H20: Active
A21: D19 | B21: 1 | C21: 2 | D21: =B21+C21 | E21: Active | F21: Active | G21: Active | H21: Active
A22: D20 | B22: 2 | C22: 3 | D22: =B22+C22 | E22: Active | F22: No | G22: Active | H22: No
... A32: D30 | B32: 1 | C32: 2 | D32: =B32+C32 | E32: Active | F32: Active | G32: Active | H32: Active

Sheet Event
A1: Event id | B1: Farmer id | C1: Day | D1: Arrival time | E1: Start Service time | F1: End service time | G1: Wait minutes | H1: Service minutes | I1: Queue length per dock | J1: Dock id
A2: E001 | B2: F001 | C2: Day 01 | D2: =Farmers!D2 | E2: 7.40 a.m | F2: 8.30 a.m. | G2: 115 | H2: 50 | I2: 127 | J2: =Farmers!F2
A3: E002 | B3: F002 | D3: =Farmers!D3 | E3: 8.00 a.m | F3: 8.55 a.m. | G3: 130 | H3: 55 | I3: 118 | J3: =Farmers!F3
A4: E003 | B4: F003 | D4: =Farmers!D4 | E4: 8.00 a.m | F4: 8.40 a.m | G4: 110 | H4: 40 | I4: 115 | J4: =Farmers!F4
A5: E004 | B5: F004 | D5: =Farmers!D5 | E5: 8.40 a.m | F5: 9.50 a.m | G5: 135 | H5: 70 | I5: 112 | J5: =Farmers!F5
A6: E005 | B6: F005 | D6: =Farmers!D6 | E6: 8.50 a.m | F6: 9.30 a.m | G6: 140 | H6: 40 | I6: 107 | J6: =Farmers!F6
A7: E006 | B7: F006 | C7: Day 02 | D7: =Farmers!D7 | E7: 8.10 a.m | F7: 9.15 a.m | G7: 120 | H7: 65 | I7: 99 | J7: =Farmers!F7
A8: E007 | B8: F007 | D8: =Farmers!D8 | E8: 8.25 a.m | F8: 9.15 a.m | G8: 130 | H8: 50 | I8: 100 | J8: =Farmers!F8
A9: E008 | B9: F008 | D9: =Farmers!D9 | E9: 8.30 a.m | F9: 9.25 a.m | G9: 125 | H9: 55 | I9: 104 | J9: =Farmers!F9 | L9: Day | M9: Avg wait (min) | N9: Avg queue length (Per dock)
A10: E009 | B10: F009 | D10: =Farmers!D10 | E10: 8.30 a.m | F10: 9.30 a.m | G10: 123 | H10: 60 | I10: 111 | J10: =Farmers!F10 | L10: Day 1 | M10: 126.1 | N10: 5.8
A11: E010 | B11: F010 | D11: =Farmers!D11 | E11: 8.45 a.m | F11: 9.30 a.m | G11: 132 | H11: 45 | I11: 112 | J11: =Farmers!F11 | L11: Day 2 | M11: 126.12 | N11: 6.6
A12: E011 | B12: F011 | C12: Day 03 | D12: =Farmers!D12 | E12: 7.15 a.m | F12: 7.55 a.m | G12: 115 | H12: 40 | I12: 97 | J12: =Farmers!F12 | L12: Day 3 | M12: 120.6 | N12: 5.6
A13: E012 | B13: F012 | D13: =Farmers!D13 | E13: 7.35 a.m | F13: 8.25 a.m | G13: 125 | H13: 50 | I13: 110 | J13: =Farmers!F13 | L13: Day 4 | M13: 119.3 | N13: 7.8
A14: E013 | B14: F013 | D14: =Farmers!D14 | E14: 7.40 a.m | F14: 8.55 a.m | G14: 123 | H14: 75 | I14: 112 | J14: =Farmers!F14
A15: E014 | B15: F014 | D15: =Farmers!D15 | E15: 7.45 a.m | F15: 9.05 a.m | G15: 115 | H15: 80 | I15: 111 | J15: =Farmers!F15
A16: E015 | B16: F015 | D16: =Farmers!D16 | E16: 7.50 a.m | F16: 8.35 a.m | G16: 125 | H16: 45 | I16: 7 | J16: =Farmers!F16
A17: E016 | B17: F016 | C17: Day 04 | D17: =Farmers!D17 | E17: 8.30 a.m | F17: 9.40 a.m | G17: 110 | H17: 70 | I17: 8 | J17: =Farmers!F17
A18: E017 | B18: F017 | D18: =Farmers!D18 | E18: 8.45 a.m | F18: 9.35 a.m | G18: 120 | H18: 50 | I18: 7 | J18: =Farmers!F18
A19: E018 | B19: F018 | D19: =Farmers!D19 | E19: 8.40 a.m | F19: 9.20 a.m | G19: 105 | H19: 40 | I19: 8 | J19: =Farmers!F19
A20: E019 | B20: F019 | D20: =Farmers!D20 | E20: 9.10 a.m | F20: 9.55 a.m | G20: 130 | H20: 45 | I20: 7 | J20: =Farmers!F20
A21: E020 | B21: F020 | D21: =Farmers!D21 | E21: 9.15 a.m | F21: 10.20 a.m | G21: 130 | H21: 65 | I21: 9 | J21: =Farmers!F21
